owner,lptoken,lpratio,amount1,amount2,token1,token2
ggkyoik4qxhe,109544414,0.9983244518329183,15973191,8984920,0.00000015 PBTC,0.0008 EOS
ilovelilli14,183855,0.0016755481670817206,26808,15079,0.00000000 PBTC,0.0000 EOS
