owner,lptoken,lpratio,amount1,amount2,token1,token2
ggkyoik4qxhe,109544414,0.4459323863070177,1783729,891864,0.00000001 PBTC,0.0000 EOS
moondogs1431,136093897,0.5540097758981254,2216039,1108019,0.00000002 PBTC,0.0001 EOS
ilovelilli14,14208,5.783779485688889e-05,231,115,0.00000000 PBTC,0.0000 EOS
