owner,lptoken,lpratio,amount1,amount2,token1,token2
ggkyoik4qxhe,109544414,0.6865473595210952,4805831,6178926,0.00000004 PBTC,0.0006 EOS
moondogs1431,50014009,0.3134526404789047,2194168,2821073,0.00000002 PBTC,0.0002 EOS
