owner,lptoken,lpratio,amount1,amount2,token1,token2
ggkyoik4qxhe,109544414,0.4326225181025818,0,3028357,0.00000000 PBTC,0.0003 EOS
moondogs1431,143665739,0.5673774818974182,0,3971642,0.00000000 PBTC,0.0003 EOS
