owner,lptoken,lpratio,amount1,amount2,token1,token2
zhuwanghu.tp,4808178925,0.49554209007392,2549423319476,553024972,254.9423 TKT,0.0553 EOS
zhujiawei233,35714595,0.0036808291306346455,18936820521,4107805,1.8936 TKT,0.0004 EOS
myfirstkey11,2013951329,0.20756250265370668,1067850128402,231639752,106.7850 TKT,0.0231 EOS
luzhongsu123,1101433850,0.11351633136388836,584009286229,126684225,58.4009 TKT,0.0126 EOS
tangxi555555,460853848,0.04749666820199056,244356868845,53006281,24.4356 TKT,0.0053 EOS
depurantsave,40455328,0.00416942008699187,21450482232,4653072,2.1450 TKT,0.0004 EOS
wangloveshow,2435972,0.0002510569334192461,1291616622,280179,0.1291 TKT,0.0000 EOS
dljzaaa12345,203639680,0.020987578503889444,107975130930,23422137,10.7975 TKT,0.0023 EOS
lupanpan1.tp,1036203336,0.10679352305155916,549422346739,119181571,54.9422 TKT,0.0119 EOS
