owner,lptoken,lpratio,amount1,amount2,token1,token2
ggkyoik4qxhe,109544414,0.9983244518329183,6988271,3993297,0.00000006 PBTC,0.0003 EOS
ilovelilli14,183855,0.0016755481670817206,11728,6702,0.00000000 PBTC,0.0000 EOS
