day,beginblock,endblock,total_lptoken,token1,token2
27,152072609,152215761,632454,0.0010 EOS
28,152215761,152388561,1892364715394,220.2265 EOS,362.006472 CASH
29,152388561,152516868,2263547165324,28.9587 EOS,247.642854 CASH
30,152516868,152560201,901507068929,3.7551 EOS,26.373795 CASH
