poolid,token1,token2
1,7836.4839 EOS,9762.14635330 DOP
2,2857.6218 EOS,79.5422905706 DMD
3,2754.0307 EOS,9619.0063 HUB
4,4941.7082 EOS,12345.5515 USDT
5,1149.6552 EOS,12850.4151 OGX
6,1649050.9347 KEY,380.1532 EOS
7,672.8537 EOS,676.1041 DEOS
24,84.6322 EOS,4003.9170 WOOL
48,139659.3732 TKT,56.5342 EOS
62,0.08660177 PBTC,558.3670 EOS
66,135.5822 EOS,24880.7407 DBG
102,252.9413 EOS,636.023121 CASH
