owner,lptoken,lpratio,amount1,amount2,token1,token2
ggkyoik4qxhe,109088612,0.9983244518329183,55906169,27953084,0.00000055 PBTC,0.0027 EOS
ilovelilli14,183090,0.0016755481670817206,93830,46915,0.00000000 PBTC,0.0000 EOS
