owner,lptoken,lpratio,amount1,amount2,token1,token2
ggkyoik4qxhe,109544414,0.9984597778883831,3993839,9984597,0.00000003 PBTC,0.0009 EOS
ilovelilli14,168983,0.0015402221116168702,6160,15402,0.00000000 PBTC,0.0000 EOS
