owner,lptoken,lpratio,amount1,amount2,token1,token2
ggkyoik4qxhe,109544414,0.4326225181025818,6489337,4758847,0.00000006 PBTC,0.0004 EOS
moondogs1431,143665739,0.5673774818974182,8510662,6241152,0.00000008 PBTC,0.0006 EOS
