owner,lptoken,lpratio,amount1,amount2,token1,token2
ggkyoik4qxhe,109544414,0.9985869115143707,998586,1997173,0.00000000 PBTC,0.0001 EOS
ilovelilli14,155015,0.0014130884856292188,1413,2826,0.00000000 PBTC,0.0000 EOS
