owner,lptoken,lpratio,amount1,amount2,token1,token2
ggkyoik4qxhe,109544414,0.9991472383881381,0,5994883,0.00000000 PBTC,0.0005 EOS
ilovelilli14,93495,0.0008527616118618242,0,5116,0.00000000 PBTC,0.0000 EOS
