owner,lptoken,lpratio,amount1,amount2,token1,token2
mayunshilaji,12354834,0.01965301100167909,8647324,0,0.0008 EOS,
dinosaur.x,347037728,0.5520378733038189,242896664,0,0.0242 EOS,
whs111222333,119948328,0.19080351948209193,83953548,0,0.0083 EOS,
hadoophadoop,82784140,0.13168591453228282,57941802,0,0.0057 EOS,
lovevalue333,1969830,0.0031334367310347933,1378712,0,0.0001 EOS,
xiaoming1124,64553544,0.1026862449490924,45181947,0,0.0045 EOS,
